epoch,accuracy,loss
1,49.47093293070793,1.456742763519287
