epoch,accuracy,loss
1,49.88683357834816,1.4131058394908904
