epoch,accuracy,loss
1,56.21438413858414,1.1896307826042176
