epoch,accuracy,loss
1,54.24862131476402,1.2699763000011444
