epoch,accuracy,loss
1,53.508731573820114,1.2744593024253845
