{
    "run_parameters": {
        "seed": 0,
        "n_rounds": 250,
        "n_steps_per_update": 5,
        "batch_size": 128,
        "learning_rate": 0.01
    },
    "summary_stats_per_update": {
        "time_s": {
            "average": 2.174408116288134,
            "std_dev": 0.03727435510140473,
            "min": 2.1076015919970814,
            "max": 2.367950843006838,
            "unit": "S"
        },
        "compute_gflops": {
            "average": 11438.039367680001,
            "std_dev": 0.0,
            "min": 11438.039367680001,
            "max": 11438.039367680001,
            "unit": "Gflops"
        },
        "data_processed_gb": {
            "average": 0.1171875,
            "std_dev": 0.0,
            "min": 0.1171875,
            "max": 0.1171875,
            "unit": "Gb"
        },
        "mem_time_gbs": {
            "average": 20.11115059340059,
            "std_dev": 0.3447513661767926,
            "min": 19.493255516310565,
            "max": 21.90123171669118,
            "unit": "Gbs"
        },
        "energy_j": {
            "average": 626.6678083508159,
            "std_dev": 24.352561004272957,
            "min": 413.96842859392626,
            "max": 690.3093966015008,
            "unit": "J"
        }
    }
}