{
    "parameters": {
        "model_architecture": "BloomLM",
        "domain": "en",
        "seed": 2,
        "num_epochs": 10,
        "batch_size": 8,
        "learning_rate": 1e-05,
        "optimizer": "adamw",
        "model_save_path": "/scratch/gautschi/apiasecz/models/concept_drift_models/BloomLM_en_len_256_seed_2.pth",
        "max_len": 256,
        "warmup_ratio": 0.1
    },
    "results": {
        "perplexity": [
            547.9686889648438,
            201.0339813232422,
            161.24021911621094,
            403.421875,
            63.582786560058594,
            80.94629669189453,
            141.0401611328125,
            49.96189498901367,
            52.84954833984375,
            50.125247955322266
        ],
        "loss": [
            6.306218315315246,
            5.303474022865295,
            5.082895412445068,
            5.999982632446289,
            4.152342667007447,
            4.393785736465454,
            4.9490445718765255,
            3.9112607231140135,
            3.9674491886138914,
            3.9145248729705813
        ]
    }
}