{
    "parameters": {
        "model_architecture": "BloomLM",
        "domain": "en",
        "seed": 0,
        "num_epochs": 10,
        "batch_size": 8,
        "learning_rate": 1e-05,
        "optimizer": "adamw",
        "model_save_path": "/scratch/gautschi/apiasecz/models/concept_drift_models/BloomLM_en_len_256_seed_0.pth",
        "max_len": 256,
        "warmup_ratio": 0.1
    },
    "results": {
        "perplexity": [
            65.95130920410156,
            49.12730026245117,
            142.61767578125,
            55.99235534667969,
            53.13313293457031,
            29.8254451751709,
            48.0474739074707,
            22.20259666442871,
            23.156391143798828,
            23.775278091430664
        ],
        "loss": [
            4.188916462707519,
            3.894414842224121,
            4.960167183494568,
            4.025215284347534,
            3.9728007638931273,
            3.3953619594573974,
            3.8721895904541017,
            3.1002091791152955,
            3.1422706862449648,
            3.168646417617798
        ]
    }
}