{
    "parameters": {
        "model_architecture": "BloomLM",
        "domain": "fr",
        "seed": 2,
        "num_epochs": 10,
        "batch_size": 8,
        "learning_rate": 1e-05,
        "optimizer": "adamw",
        "model_save_path": "/scratch/gautschi/apiasecz/models/concept_drift_models/BloomLM_fr_len_256_seed_2.pth",
        "max_len": 256,
        "warmup_ratio": 0.1
    },
    "results": {
        "perplexity": [
            850757632.0,
            683710.8125,
            1322.991455078125,
            489.931396484375,
            213.72116088867188,
            164.41835021972656,
            172.2664031982422,
            128.9354705810547,
            135.53614807128906,
            110.68252563476562
        ],
        "loss": [
            20.56163695449829,
            13.435290069580079,
            7.187650873947144,
            6.1942655517578125,
            5.364672268295288,
            5.102414272499084,
            5.149042207717896,
            4.859312104225158,
            4.909238289260864,
            4.706666187667847
        ]
    }
}