{
    "parameters": {
        "model_architecture": "BloomLM",
        "domain": "en",
        "seed": 1,
        "num_epochs": 10,
        "batch_size": 8,
        "learning_rate": 1e-05,
        "optimizer": "adamw",
        "model_save_path": "/scratch/gautschi/apiasecz/models/concept_drift_models/BloomLM_en_len_256_seed_1.pth",
        "max_len": 256,
        "warmup_ratio": 0.1
    },
    "results": {
        "perplexity": [
            311.3651428222656,
            355.5850830078125,
            153.5161590576172,
            159.04165649414062,
            237.5172119140625,
            55.55412673950195,
            40.997291564941406,
            73.48599243164062,
            41.169654846191406,
            380.1708984375
        ],
        "loss": [
            5.740966367721557,
            5.873764712715149,
            5.033805616569519,
            5.0691660762786865,
            5.47023998374939,
            4.0173575963973995,
            3.713506077384949,
            4.297094830799103,
            3.7177015481948854,
            5.940620758247375
        ]
    }
}