{
    "parameters": {
        "model_architecture": "BloomLM",
        "domain": "es",
        "seed": 2,
        "num_epochs": 3,
        "batch_size": 4,
        "learning_rate": 3e-05,
        "optimizer": "adamw",
        "model_save_path": "/scratch/gautschi/apiasecz/models/concept_drift_models/BloomLM_es_len_256_seed_2.pth",
        "max_len": 256,
        "warmup_ratio": 0.1
    },
    "results": {
        "perplexity": [
            20.663925170898438,
            18.092798233032227,
            17.338199615478516
        ],
        "loss": [
            3.0283893580675123,
            2.895513951468468,
            2.852912188267708
        ]
    }
}