{
    "parameters": {
        "model_architecture": "BloomLM",
        "domain": "de",
        "seed": 2,
        "num_epochs": 10,
        "batch_size": 8,
        "learning_rate": 1e-05,
        "optimizer": "adamw",
        "model_save_path": "/scratch/gautschi/apiasecz/models/concept_drift_models/BloomLM_de_len_256_seed_2.pth",
        "max_len": 256,
        "warmup_ratio": 0.1
    },
    "results": {
        "perplexity": [
            14294.345703125,
            163.94509887695312,
            299.1556396484375,
            21.963274002075195,
            1045.3653564453125,
            84.81222534179688,
            702.7255859375,
            35.70342254638672,
            31.22699546813965,
            47.66665267944336
        ],
        "loss": [
            9.567619578170776,
            5.099531426429748,
            5.7009640846252445,
            3.089371782588959,
            6.952121903228759,
            4.440439642715454,
            6.554966473388672,
            3.5752465221405028,
            3.4412829761505126,
            3.864232130241394
        ]
    }
}