{
    "parameters": {
        "model_architecture": "BloomLM",
        "domain": "es",
        "seed": 1,
        "num_epochs": 3,
        "batch_size": 4,
        "learning_rate": 3e-05,
        "optimizer": "adamw",
        "model_save_path": "/scratch/gautschi/apiasecz/models/concept_drift_models/BloomLM_es_len_256_seed_1.pth",
        "max_len": 256,
        "warmup_ratio": 0.1
    },
    "results": {
        "perplexity": [
            84.40245056152344,
            43.76272201538086,
            18.526891708374023
        ],
        "loss": [
            4.4355965092659,
            3.778782391166687,
            2.919223320555687
        ]
    }
}