{
    "parameters": {
        "model_architecture": "BloomLM",
        "domain": "de",
        "seed": 1,
        "num_epochs": 10,
        "batch_size": 8,
        "learning_rate": 1e-05,
        "optimizer": "adamw",
        "model_save_path": "/scratch/gautschi/apiasecz/models/concept_drift_models/BloomLM_de_len_256_seed_1.pth",
        "max_len": 256,
        "warmup_ratio": 0.1
    },
    "results": {
        "perplexity": [
            64.66206359863281,
            21.261524200439453,
            38.812808990478516,
            17.5570011138916,
            16.76898765563965,
            37.67737579345703,
            20.284671783447266,
            20.535308837890625,
            20.754512786865234,
            18.81585693359375
        ],
        "loss": [
            4.169174882507324,
            3.0568989596366882,
            3.658750311279297,
            2.865452690887451,
            2.819531090641022,
            3.629059839630127,
            3.0098655276298523,
            3.022145817375183,
            3.0327636360168455,
            2.934700086021423
        ]
    }
}