{
    "parameters": {
        "model_architecture": "BloomLM",
        "domain": "de",
        "seed": 0,
        "num_epochs": 10,
        "batch_size": 8,
        "learning_rate": 1e-05,
        "optimizer": "adamw",
        "model_save_path": "/scratch/gautschi/apiasecz/models/concept_drift_models/BloomLM_de_len_256_seed_0.pth",
        "max_len": 256,
        "warmup_ratio": 0.1
    },
    "results": {
        "perplexity": [
            3183.15771484375,
            1095.2723388671875,
            316.2439880371094,
            17.770998001098633,
            17.338747024536133,
            16.908742904663086,
            17.682703018188477,
            16.611616134643555,
            16.05927848815918,
            16.21465301513672
        ],
        "loss": [
            8.065629230690002,
            6.998758529281616,
            5.756514019584656,
            2.877567676925659,
            2.852943718624115,
            2.8278308654785156,
            2.872586978340149,
            2.8101022311210633,
            2.7762868785858155,
            2.785915469455719
        ]
    }
}