{
    "parameters": {
        "model_architecture": "BloomLM",
        "domain": "es",
        "seed": 0,
        "num_epochs": 3,
        "batch_size": 4,
        "learning_rate": 3e-05,
        "optimizer": "adamw",
        "model_save_path": "/scratch/gautschi/apiasecz/models/concept_drift_models/BloomLM_es_len_256_seed_0.pth",
        "max_len": 256,
        "warmup_ratio": 0.1
    },
    "results": {
        "perplexity": [
            25.576122283935547,
            18.757633209228516,
            17.408845901489258
        ],
        "loss": [
            3.2416590908050535,
            2.9316008474349977,
            2.856978464984894
        ]
    }
}