{
    "parameters": {
        "model_architecture": "BloomLM",
        "domain": "fr",
        "seed": 1,
        "num_epochs": 10,
        "batch_size": 8,
        "learning_rate": 1e-05,
        "optimizer": "adamw",
        "model_save_path": "/scratch/gautschi/apiasecz/models/concept_drift_models/BloomLM_fr_len_256_seed_1.pth",
        "max_len": 256,
        "warmup_ratio": 0.1
    },
    "results": {
        "perplexity": [
            21613.51953125,
            5216.62353515625,
            2596.32470703125,
            169.50244140625,
            60.32678985595703,
            173.58787536621094,
            73.8068618774414,
            75.03502655029297,
            87.02642059326172,
            96.6123275756836
        ],
        "loss": [
            9.98107387161255,
            8.559605520629884,
            7.861852357673645,
            5.132867301368713,
            4.099776331710816,
            5.156683913040161,
            4.3014515766143795,
            4.317955135154724,
            4.46621184310913,
            4.5707062116622925
        ]
    }
}