{
    "parameters": {
        "model_architecture": "BloomLM",
        "domain": "fr",
        "seed": 0,
        "num_epochs": 10,
        "batch_size": 8,
        "learning_rate": 1e-05,
        "optimizer": "adamw",
        "model_save_path": "/scratch/gautschi/apiasecz/models/concept_drift_models/BloomLM_fr_len_256_seed_0.pth",
        "max_len": 256,
        "warmup_ratio": 0.1
    },
    "results": {
        "perplexity": [
            43.81916427612305,
            162.14329528808594,
            84.20146179199219,
            122.54623413085938,
            727.5516357421875,
            141.78553771972656,
            34.253082275390625,
            60.842105865478516,
            25.66908073425293,
            29.79987144470215
        ],
        "loss": [
            3.7800711599349976,
            5.088480555915832,
            4.4332121026992795,
            4.808488173675537,
            6.589684977340698,
            4.95431584854126,
            3.533776471328735,
            4.108282288742066,
            3.245287082862854,
            3.394504160118103
        ]
    }
}